{
    "modes": {
        "1": {
            "octave_name": "octave1",
            "octave_channel": 2
        }
    },
    "lo_modes": {
        "1": {
            "mode_id": 1,
            "lo_freq": 4500000000.0,
            "gain": 0.0,
            "latest": 1
        },
        "2": {
            "mode_id": 1,
            "lo_freq": 4750000000.0,
            "gain": 0.0,
            "latest": 2
        },
        "3": {
            "mode_id": 1,
            "lo_freq": 5000000000.0,
            "gain": 0.0,
            "latest": 3
        },
        "4": {
            "mode_id": 1,
            "lo_freq": 5250000000.0,
            "gain": 0.0,
            "latest": 4
        },
        "5": {
            "mode_id": 1,
            "lo_freq": 5500000000.0,
            "gain": 0.0,
            "latest": 5
        },
        "6": {
            "mode_id": 1,
            "lo_freq": 5750000000.0,
            "gain": 0.0,
            "latest": 6
        },
        "7": {
            "mode_id": 1,
            "lo_freq": 6000000000.0,
            "gain": 0.0,
            "latest": 7
        }
    },
    "lo_cal": {
        "1": {
            "i0": -0.003310735761928509,
            "q0": 0.035632306063878155,
            "lo_mode_id": 1,
            "dc_gain": -0.0171930334362409,
            "dc_phase": 0.11250430681722078,
            "temperature": 40.8125,
            "timestamp": 1702998162.5391428,
            "method": "auto"
        },
        "2": {
            "i0": 0.006987215473060007,
            "q0": 0.025465598923646193,
            "lo_mode_id": 2,
            "dc_gain": -0.002213680793146988,
            "dc_phase": 0.12714713977657804,
            "temperature": 45.0,
            "timestamp": 1702998197.9567742,
            "method": "auto"
        },
        "3": {
            "i0": -0.001111949464620404,
            "q0": 0.025163389502934612,
            "lo_mode_id": 3,
            "dc_gain": 0.00192888311135464,
            "dc_phase": 0.15154323231566266,
            "temperature": 48.3125,
            "timestamp": 1702998234.5725536,
            "method": "auto"
        },
        "4": {
            "i0": 0.003240642878387311,
            "q0": 0.01884385060888825,
            "lo_mode_id": 4,
            "dc_gain": 0.008380616304106248,
            "dc_phase": 0.11450185345133748,
            "temperature": 51.4375,
            "timestamp": 1702998268.0708106,
            "method": "auto"
        },
        "5": {
            "i0": -0.0003510777614358452,
            "q0": 0.014699301220316121,
            "lo_mode_id": 5,
            "dc_gain": -0.004085125956721725,
            "dc_phase": 0.005028665563440715,
            "temperature": 53.6875,
            "timestamp": 1702998300.5796945,
            "method": "auto"
        },
        "6": {
            "i0": 0.0012624623557686192,
            "q0": 0.009975982054619692,
            "lo_mode_id": 6,
            "dc_gain": -0.00303134104834879,
            "dc_phase": -0.03593016461077665,
            "temperature": 55.5625,
            "timestamp": 1702998332.523491,
            "method": "auto"
        },
        "7": {
            "i0": -0.0015191210902860254,
            "q0": 0.015852022000308694,
            "lo_mode_id": 7,
            "dc_gain": -0.001279004116993221,
            "dc_phase": -0.04213131107121939,
            "temperature": 57.1875,
            "timestamp": 1702998364.6260092,
            "method": "auto"
        }
    },
    "if_modes": {
        "1": {
            "lo_mode_id": 1,
            "if_freq": 77000000.0,
            "latest": 1
        },
        "2": {
            "lo_mode_id": 1,
            "if_freq": 127000000.0,
            "latest": 2
        },
        "3": {
            "lo_mode_id": 1,
            "if_freq": 177000000.0,
            "latest": 3
        },
        "4": {
            "lo_mode_id": 2,
            "if_freq": 77000000.0,
            "latest": 4
        },
        "5": {
            "lo_mode_id": 2,
            "if_freq": 127000000.0,
            "latest": 5
        },
        "6": {
            "lo_mode_id": 2,
            "if_freq": 177000000.0,
            "latest": 6
        },
        "7": {
            "lo_mode_id": 3,
            "if_freq": 77000000.0,
            "latest": 7
        },
        "8": {
            "lo_mode_id": 3,
            "if_freq": 127000000.0,
            "latest": 8
        },
        "9": {
            "lo_mode_id": 3,
            "if_freq": 177000000.0,
            "latest": 9
        },
        "10": {
            "lo_mode_id": 4,
            "if_freq": 77000000.0,
            "latest": 10
        },
        "11": {
            "lo_mode_id": 4,
            "if_freq": 127000000.0,
            "latest": 11
        },
        "12": {
            "lo_mode_id": 4,
            "if_freq": 177000000.0,
            "latest": 12
        },
        "13": {
            "lo_mode_id": 5,
            "if_freq": 77000000.0,
            "latest": 13
        },
        "14": {
            "lo_mode_id": 5,
            "if_freq": 127000000.0,
            "latest": 14
        },
        "15": {
            "lo_mode_id": 5,
            "if_freq": 177000000.0,
            "latest": 15
        },
        "16": {
            "lo_mode_id": 6,
            "if_freq": 77000000.0,
            "latest": 16
        },
        "17": {
            "lo_mode_id": 6,
            "if_freq": 127000000.0,
            "latest": 17
        },
        "18": {
            "lo_mode_id": 6,
            "if_freq": 177000000.0,
            "latest": 18
        },
        "19": {
            "lo_mode_id": 7,
            "if_freq": 77000000.0,
            "latest": 19
        },
        "20": {
            "lo_mode_id": 7,
            "if_freq": 127000000.0,
            "latest": 20
        },
        "21": {
            "lo_mode_id": 7,
            "if_freq": 177000000.0,
            "latest": 21
        }
    },
    "if_cal": {
        "1": {
            "if_mode_id": 1,
            "gain": -0.022829781997384422,
            "phase": 0.13292650518824228,
            "temperature": 40.8125,
            "timestamp": 1702998162.5441494,
            "method": "auto"
        },
        "2": {
            "if_mode_id": 2,
            "gain": -0.024320540869482783,
            "phase": 0.13844659289801636,
            "temperature": 40.8125,
            "timestamp": 1702998162.5501494,
            "method": "auto"
        },
        "3": {
            "if_mode_id": 3,
            "gain": -0.02707395457288807,
            "phase": 0.14012495941339295,
            "temperature": 40.8125,
            "timestamp": 1702998162.5561535,
            "method": "auto"
        },
        "4": {
            "if_mode_id": 4,
            "gain": -0.0028150953243347814,
            "phase": 0.1445603958411377,
            "temperature": 45.0,
            "timestamp": 1702998197.963185,
            "method": "auto"
        },
        "5": {
            "if_mode_id": 5,
            "gain": -0.0019096299595767743,
            "phase": 0.1500843232636787,
            "temperature": 45.0,
            "timestamp": 1702998197.9681878,
            "method": "auto"
        },
        "6": {
            "if_mode_id": 6,
            "gain": -0.0036385849525270545,
            "phase": 0.15295121718896904,
            "temperature": 45.0,
            "timestamp": 1702998197.9741764,
            "method": "auto"
        },
        "7": {
            "if_mode_id": 7,
            "gain": 0.001271435863412956,
            "phase": 0.16473063782761144,
            "temperature": 48.3125,
            "timestamp": 1702998234.5810933,
            "method": "auto"
        },
        "8": {
            "if_mode_id": 8,
            "gain": 0.0018062210985885225,
            "phase": 0.16967089293564586,
            "temperature": 48.3125,
            "timestamp": 1702998234.5910134,
            "method": "auto"
        },
        "9": {
            "if_mode_id": 9,