{"kc": 4.055521645385832, "k": 9.9481848365596, "ki": 4.86890671460199, "w": -9.984732763801683, "offset": 199.97284119487048, "x": [-100.0, -98.99497487437186, -97.98994974874373, -96.98492462311557, -95.97989949748744, -94.9748743718593, -93.96984924623115, -92.96482412060301, -91.95979899497488, -90.95477386934674, -89.9497487437186, -88.94472361809045, -87.93969849246231, -86.93467336683418, -85.92964824120602, -84.92462311557789, -83.91959798994975, -82.91457286432161, -81.90954773869348, -80.90452261306532, -79.89949748743719, -78.89447236180905, -77.8894472361809, -76.88442211055276, -75.87939698492463, -74.87437185929649, -73.86934673366835, -72.8643216080402, -71.85929648241206, -70.85427135678393, -69.84924623115577, -68.84422110552764, -67.8391959798995, -66.83417085427136, -65.82914572864323, -64.82412060301507, -63.81909547738694, -62.8140703517588, -61.80904522613066, -60.80402010050251, -59.798994974874375, -58.79396984924624, -57.788944723618094, -56.78391959798995, -55.77889447236181, -54.773869346733676, -53.76884422110553, -52.76381909547739, -51.75879396984925, -50.75376884422111, -49.74874371859297, -48.743718592964825, -47.73869346733669, -46.73366834170855, -45.72864321608041, -44.72361809045226, -43.718592964824126, -42.71356783919599, -41.708542713567844, -40.7035175879397, -39.69849246231156, -38.693467336683426, -37.68844221105528, -36.68341708542714, -35.678391959799, -34.673366834170864, -33.66834170854273, -32.663316582914575, -31.65829145728644, -30.6532663316583, -29.64824120603015, -28.643216080402013, -27.638190954773876, -26.63316582914574, -25.6281407035176, -24.62311557788945, -23.618090452261313, -22.613065326633176, -21.608040201005025, -20.603015075376888, -19.59798994974875, -18.592964824120614, -17.587939698492477, -16.582914572864325, -15.577889447236188, -14.572864321608051, -13.5678391959799, -12.562814070351763, -11.557788944723626, -10.552763819095489, -9.547738693467352, -8.5427135678392, -7.5376884422110635, -6.532663316582926, -5.527638190954775, -4.522613065326638, -3.517587939698501, -2.512562814070364, -1.507537688442227, -0.5025125628140756, 0.5025125628140614, 1.5075376884421985, 2.5125628140703498, 3.517587939698487, 4.522613065326624, 5.527638190954761, 6.532663316582898, 7.537688442211049, 8.542713567839186, 9.547738693467323, 10.552763819095475, 11.557788944723612, 12.562814070351749, 13.567839195979886, 14.572864321608023, 15.577889447236174, 16.58291457286431, 17.58793969849245, 18.5929648241206, 19.597989949748737, 20.603015075376874, 21.60804020100501, 22.613065326633148, 23.6180904522613, 24.623115577889436, 25.628140703517573, 26.633165829145725, 27.63819095477386, 28.643216080402, 29.64824120603015, 30.653266331658273, 31.658291457286424, 32.66331658291455, 33.6683417085427, 34.67336683417085, 35.67839195979897, 36.68341708542712, 37.688442211055275, 38.6934673366834, 39.69849246231155, 40.7035175879397, 41.70854271356782, 42.713567839195974, 43.7185929648241, 44.72361809045225, 45.7286432160804, 46.73366834170852, 47.738693467336674, 48.7437185929648, 49.74874371859295, 50.7537688442211, 51.75879396984922, 52.76381909547737, 53.768844221105525, 54.77386934673365, 55.7788944723618, 56.78391959798995, 57.78894472361807, 58.793969849246224, 59.79899497487435, 60.8040201005025, 61.80904522613065, 62.81407035175877, 63.819095477386924, 64.82412060301505, 65.8291457286432, 66.83417085427135, 67.83919597989947, 68.84422110552762, 69.84924623115577, 70.8542713567839, 71.85929648241205, 72.8643216080402, 73.86934673366832, 74.87437185929647, 75.8793969849246, 76.88442211055275, 77.8894472361809, 78.89447236180902, 79.89949748743717, 80.9045226130653, 81.90954773869345, 82.9145728643216, 83.91959798994972, 84.92462311557787, 85.92964824120602, 86.93467336683415, 87.9396984924623, 88.94472361809045, 89.94974874371857, 90.95477386934672, 91.95979899497485, 92.964824120603, 93.96984924623115, 94.97487437185927, 95.97989949748742, 96.98492462311555, 97.9899497487437, 98.99497487437185, 100.0], "y_data": [199.7280134085106, 199.55050175484467, 199.8448038778995, 199.90483659186128, 200.14633483385575, 199.55214709936936, 200.26489262697632, 200.39124481278046, 200.51044113279693, 200.39545485013775, 200.0036406855865, 200.0133309744771, 199.58376643668106, 199.85661925059574, 199.81803629657168, 199.7951447749516, 200.2293035068622, 199.64583003925443, 200.35798385361173, 199.74754092965907, 200.4195448325938, 200.0378785323373, 200.19848007983373, 199.83279188274452, 200.5569293323775, 200.2887925545943, 200.1180611472982, 199.73220333889606, 200.1502019242472, 200.4403530185368, 200.57048270594242, 200.36263962389594, 199.7369944810847, 199.81532049721386, 200.34445592330408, 199.84682457520313, 200.3577631619245, 200.11928225513176, 200.44660884340843, 199.77589825093645, 200.46765437698974, 200.48980933455977, 199.853365466538, 199.9529386363435, 200.35512149848927, 200.0644074927594, 200.05759027943682, 199.70985482388772, 200.5599391862889, 199.70695431446748, 200.6386033630509, 200.20404529280106, 200.31190974997688, 200.13440256800487, 200.0872219533288, 199.8553123007508, 200.4267603787697, 200.53249470695926, 200.1396714430812, 200.315221843193, 200.66732106831714, 200.74334281600275, 200.40111731545468, 200.1308159609061, 199.9905954324085, 200.0547928259847, 200.30303562629558, 200.78747548718366, 200.96504867789415, 200.36913101418705, 201.0056318465001, 201.068084200169, 200.52885362642473, 201.11049515180278, 200.82934779336736, 201.599243841695, 201.65034413340575, 201.71276780872472, 201.54778918830044, 201.97502703962223, 203.11054052147892, 203.1446689862677, 203.66069450637013, 204.132886554104, 205.83781643034447, 206.60546078013283, 208.21368574321744, 210.36035188819918, 211.24014127765506, 212.46508157567658, 212.72517714076318, 211.3063751989181, 209.85797767440235, 208.88694868415752, 207.37326588297975, 205.18324484153896, 204.93975112716674, 203.73702872700102, 203.34471835321668, 202.60545394177248, 202.47790918378675, 201.77910917591888, 201.83516309653183, 201.29355560019678, 201.18226204756843, 200.9795775214655, 200.93969243379638, 200.63435791172515, 200.9064255644647, 201.05961440772788, 201.0271504406494, 200.36297814393308, 201.0451641235494, 200.33834816936258, 200.09940165108628, 200.66349762098426, 200.74504178858965, 199.9657315873359, 200.17662339128782, 200.47381235113969, 200.4952448794744, 200.06609815663055, 200.73134986111293, 200.42700744537163, 200.0072732467715, 199.99238075809134, 200.32986273876278, 200.06931930091824, 200.33315263060265, 200.41471400987663, 199.8369013929766, 200.2639548113855, 200.15750094806268, 200.04846830355888, 200.63189928223656, 200.49124685726198, 199.8859088936162, 199.96225721793743, 200.3125318010877, 200.269587195075, 199.96933455370186, 200.08103626968924, 200.43298917816847, 199.8623740199237, 199.8781338582768, 199.8098747252452, 199.8653247395588, 199.90791977308604, 199.76408177374128, 199.8853276046132, 200.1042559431196, 200.1381036719296, 200.0265692396297, 200.1967419734094, 200.15474282707774, 200.3803877550168, 199.7821522190866, 199.81395881761827, 200.01631299402214, 200.294696602428, 200.1838959751949, 199.82877385402077, 199.61838840699056, 200.27110131395372, 199.84988299919905, 199.9131988202511, 199.71666722612466, 200.27227320577248, 199.62942702547966, 199.69085939520673, 199.57067287409885, 199.68722202929777, 199.67520377667924, 200.53339463301336, 199.6044844014415, 199.8968429609264, 200.12617757539073, 200.23765506607663, 199.60971617378954, 200.01126639368, 199.94737247630664, 200.41016632339213, 199.78270942302586, 200.29908509172995, 200.45674009013638, 200.39792022524153, 200.02312623922097, 199.62388623494084, 199.62606001248355, 199.80037643123273, 200.2892197559024, 199.9108761894156, 199.93179755222062, 199.82028685429412, 200.34796904336346, 199.71943123456438, 200.4478267699316, 200.25043846364508, 199.97162304675024, 200.15118616175536],